VEH_ID,DEPOT_ID,DEPOT_NM,MODEL_NUM
VAK962,M001,SUNGAI BULOH,VOLVO B7R MRT
VK2906,M002,KAJANG,SCANIA K250 MRT
VAK985,M001,SUNGAI BULOH,VOLVO B7R MRT
VH4053,M002,KAJANG,SCANIA K250 MRT
VH4062,M002,KAJANG,SCANIA K250 MRT
VH2485,M002,KAJANG,SCANIA K250 MRT
VH4577,M001,SUNGAI BULOH,VOLVO B7R MRT
VH4920,M001,SUNGAI BULOH,VOLVO B7R MRT
VH2557,M002,KAJANG,SCANIA K250 MRT
VAJ2850,M001,SUNGAI BULOH,VOLVO B7R MRT
VAJ1570,M001,SUNGAI BULOH,VOLVO B7R MRT
VAG4873,M001,SUNGAI BULOH,VOLVO B7R MRT
VG6491,M001,SUNGAI BULOH,VOLVO B7R MRT
VH2499,M002,KAJANG,SCANIA K250 MRT
VAG4729,M002,KAJANG,SCANIA K250 MRT
VAJ2876,M001,SUNGAI BULOH,VOLVO B7R MRT
VH2487,M002,KAJANG,SCANIA K250 MRT
VAE7104,M002,KAJANG,SCANIA K250 MRT
VH4328,M001,SUNGAI BULOH,VOLVO B7R MRT
VH4189,M002,KAJANG,SCANIA K250 MRT
VAE7225,M002,KAJANG,SCANIA K250 MRT
VX2960,M002,KAJANG,SCANIA K250 MRT
VH4283,M001,SUNGAI BULOH,VOLVO B7R MRT
VH4107,M001,SUNGAI BULOH,VOLVO B7R MRT
VAG4711,M002,KAJANG,SCANIA K250 MRT
VH4586,M001,SUNGAI BULOH,VOLVO B7R MRT
VK2947,M002,KAJANG,SCANIA K250 MRT
VX3625,M002,KAJANG,SCANIA K250 MRT
VM1930,M002,KAJANG,SCANIA K250 MRT
VH2049,M002,KAJANG,SCANIA K250 MRT
VAJ6259,M001,SUNGAI BULOH,VOLVO B7R MRT
VAJ2869,M001,SUNGAI BULOH,VOLVO B7R MRT
VH1373,M001,SUNGAI BULOH,VOLVO B7R MRT
VH4043,M002,KAJANG,SCANIA K250 MRT
VAC5773,M001,SUNGAI BULOH,VOLVO B7R MRT
VAG4880,M001,SUNGAI BULOH,VOLVO B7R MRT
VH4961,M001,SUNGAI BULOH,VOLVO B7R MRT
VH4652,M001,SUNGAI BULOH,VOLVO B7R MRT
VAF5780,M001,SUNGAI BULOH,VOLVO B7R MRT
VAG4871,M001,SUNGAI BULOH,VOLVO B7R MRT
VAF5439,M002,KAJANG,SCANIA K250 MRT
VH2478,M002,KAJANG,SCANIA K250 MRT
VH4642,M001,SUNGAI BULOH,VOLVO B7R MRT
VM1907,M002,KAJANG,SCANIA K250 MRT
VAK967,M001,SUNGAI BULOH,VOLVO B7R MRT
VH4571,M001,SUNGAI BULOH,VOLVO B7R MRT
VG8742,M001,SUNGAI BULOH,VOLVO B7R MRT
VAJ1482,M002,KAJANG,SCANIA K250 MRT
VAF5746,M001,SUNGAI BULOH,VOLVO B7R MRT
VH3694,M002,KAJANG,SCANIA K250 MRT
VAE7492,M002,KAJANG,SCANIA K250 MRT
VAJ9136,M001,SUNGAI BULOH,VOLVO B7R MRT
VG8715,M001,SUNGAI BULOH,VOLVO B7R MRT
VK2767,M002,KAJANG,SCANIA K250 MRT
VAH9053,M001,SUNGAI BULOH,VOLVO B7R MRT
VK2655,M002,KAJANG,SCANIA K250 MRT
VAJ2857,M001,SUNGAI BULOH,VOLVO B7R MRT
VH4084,M002,KAJANG,SCANIA K250 MRT
VG8643,M001,SUNGAI BULOH,VOLVO B7R MRT
VAG8541,M002,KAJANG,SCANIA K250 MRT
VAJ6314,M001,SUNGAI BULOH,VOLVO B7R MRT
VAJ7134,M001,SUNGAI BULOH,VOLVO B7R MRT
VAH9044,M001,SUNGAI BULOH,VOLVO B7R MRT
VH2059,M002,KAJANG,SCANIA K250 MRT
VH1382,M001,SUNGAI BULOH,VOLVO B7R MRT
VAE7408,M002,KAJANG,SCANIA K250 MRT
VH4086,M001,SUNGAI BULOH,VOLVO B7R MRT
VH2559,M002,KAJANG,SCANIA K250 MRT
VAJ2854,M001,SUNGAI BULOH,VOLVO B7R MRT
VH4236,M001,SUNGAI BULOH,VOLVO B7R MRT
VH4964,M001,SUNGAI BULOH,VOLVO B7R MRT
VAF7116,M002,KAJANG,SCANIA K250 MRT
VG8650,M001,SUNGAI BULOH,VOLVO B7R MRT
VAF5250,M002,KAJANG,SCANIA K250 MRT
VG8845,M001,SUNGAI BULOH,VOLVO B7R MRT
VH4307,M001,SUNGAI BULOH,VOLVO B7R MRT
VAF6410,M002,KAJANG,SCANIA K250 MRT
VK6243,M002,KAJANG,SCANIA K250 MRT
VAG4872,M001,SUNGAI BULOH,VOLVO B7R MRT
VH2542,M002,KAJANG,SCANIA K250 MRT
VAE7038,M001,SUNGAI BULOH,VOLVO B7R MRT
VH4985,M001,SUNGAI BULOH,VOLVO B7R MRT
VH3585,M002,KAJANG,SCANIA K250 MRT
VAG4913,M001,SUNGAI BULOH,VOLVO B7R MRT
VX2856,M002,KAJANG,SCANIA K250 MRT
VH4089,M002,KAJANG,SCANIA K250 MRT
VX3739,M002,KAJANG,SCANIA K250 MRT
VH4108,M002,KAJANG,SCANIA K250 MRT
VX2919,M002,KAJANG,SCANIA K250 MRT
VH2055,M002,KAJANG,SCANIA K250 MRT
VAE7042,M001,SUNGAI BULOH,VOLVO B7R MRT
VH4044,M001,SUNGAI BULOH,VOLVO B7R MRT
VX2864,M002,KAJANG,SCANIA K250 MRT
VAF5766,M001,SUNGAI BULOH,VOLVO B7R MRT
VK6460,M002,KAJANG,SCANIA K250 MRT
VH4924,M001,SUNGAI BULOH,VOLVO B7R MRT
VAF7134,M002,KAJANG,SCANIA K250 MRT
VAE7196,M002,KAJANG,SCANIA K250 MRT
VG6550,M001,SUNGAI BULOH,VOLVO B7R MRT
VAJ1481,M002,KAJANG,SCANIA K250 MRT
VAG8054,M002,KAJANG,SCANIA K250 MRT
VG8755,M001,SUNGAI BULOH,VOLVO B7R MRT
VAJ6234,M001,SUNGAI BULOH,VOLVO B7R MRT
VH4930,M001,SUNGAI BULOH,VOLVO B7R MRT
VG6493,M001,SUNGAI BULOH,VOLVO B7R MRT
VAF5438,M002,KAJANG,SCANIA K250 MRT
VH1385,M001,SUNGAI BULOH,VOLVO B7R MRT
VH2524,M002,KAJANG,SCANIA K250 MRT
VH2549,M002,KAJANG,SCANIA K250 MRT
VAF5480,M002,KAJANG,SCANIA K250 MRT
VH4057,M001,SUNGAI BULOH,VOLVO B7R MRT
VAG4722,M002,KAJANG,SCANIA K250 MRT
VAG4680,M002,KAJANG,SCANIA K250 MRT
VG8917,M001,SUNGAI BULOH,VOLVO B7R MRT
VAF7167,M002,KAJANG,SCANIA K250 MRT
VH4643,M001,SUNGAI BULOH,VOLVO B7R MRT
VAF7146,M002,KAJANG,SCANIA K250 MRT
VAJ2852,M001,SUNGAI BULOH,VOLVO B7R MRT
VAG4876,M001,SUNGAI BULOH,VOLVO B7R MRT
VK6448,M002,KAJANG,SCANIA K250 MRT
VH2675,M002,KAJANG,SCANIA K250 MRT
VAC5791,M001,SUNGAI BULOH,VOLVO B7R MRT
VK2852,M002,KAJANG,SCANIA K250 MRT
VH1562,M001,SUNGAI BULOH,VOLVO B7R MRT
VG6529,M001,SUNGAI BULOH,VOLVO B7R MRT
VH3603,M002,KAJANG,SCANIA K250 MRT
VH2514,M002,KAJANG,SCANIA K250 MRT
VG8703,M001,SUNGAI BULOH,VOLVO B7R MRT
VH2537,M002,KAJANG,SCANIA K250 MRT
VAJ2895,M001,SUNGAI BULOH,VOLVO B7R MRT
VAK952,M001,SUNGAI BULOH,VOLVO B7R MRT
VH3593,M002,KAJANG,SCANIA K250 MRT
VAG8053,M002,KAJANG,SCANIA K250 MRT
VH4356,M001,SUNGAI BULOH,VOLVO B7R MRT
VAF5461,M002,KAJANG,SCANIA K250 MRT
VH4557,M001,SUNGAI BULOH,VOLVO B7R MRT
VAF5442,M002,KAJANG,SCANIA K250 MRT
VH4335,M001,SUNGAI BULOH,VOLVO B7R MRT
VH2480,M002,KAJANG,SCANIA K250 MRT
VG6480,M001,SUNGAI BULOH,VOLVO B7R MRT
VAF5904,M001,SUNGAI BULOH,VOLVO B7R MRT
VX3537,M002,KAJANG,SCANIA K250 MRT
VG8769,M001,SUNGAI BULOH,VOLVO B7R MRT
VG6477,M001,SUNGAI BULOH,VOLVO B7R MRT
VH4046,M002,KAJANG,SCANIA K250 MRT
VAF5451,M002,KAJANG,SCANIA K250 MRT
VH2531,M002,KAJANG,SCANIA K250 MRT
VK6475,M002,KAJANG,SCANIA K250 MRT
VG8580,M001,SUNGAI BULOH,VOLVO B7R MRT
VH1579,M001,SUNGAI BULOH,VOLVO B7R MRT
VH4270,M001,SUNGAI BULOH,VOLVO B7R MRT
VAK950,M001,SUNGAI BULOH,VOLVO B7R MRT
VH4030,M002,KAJANG,SCANIA K250 MRT
VG8591,M001,SUNGAI BULOH,VOLVO B7R MRT
VG8904,M001,SUNGAI BULOH,VOLVO B7R MRT
VH4037,M002,KAJANG,SCANIA K250 MRT
VAF5434,M002,KAJANG,SCANIA K250 MRT
VH3982,M002,KAJANG,SCANIA K250 MRT
VK2971,M002,KAJANG,SCANIA K250 MRT
VAE7564,M002,KAJANG,SCANIA K250 MRT
VK2961,M002,KAJANG,SCANIA K250 MRT
VX2890,M002,KAJANG,SCANIA K250 MRT
VAH9042,M001,SUNGAI BULOH,VOLVO B7R MRT
VAL4552,M001,SUNGAI BULOH,VOLVO B7R MRT
VH3750,M002,KAJANG,SCANIA K250 MRT
VK2913,M002,KAJANG,SCANIA K250 MRT
VAC5746,M001,SUNGAI BULOH,VOLVO B7R MRT
VH4683,M001,SUNGAI BULOH,VOLVO B7R MRT
VAG4703,M002,KAJANG,SCANIA K250 MRT
VH2490,M002,KAJANG,SCANIA K250 MRT
VX3578,M002,KAJANG,SCANIA K250 MRT
VH4081,M001,SUNGAI BULOH,VOLVO B7R MRT
VAG4709,M002,KAJANG,SCANIA K250 MRT
VK6258,M002,KAJANG,SCANIA K250 MRT
VAG8049,M002,KAJANG,SCANIA K250 MRT
VAG4725,M002,KAJANG,SCANIA K250 MRT
VH2544,M002,KAJANG,SCANIA K250 MRT
VAG4673,M002,KAJANG,SCANIA K250 MRT
VG8597,M001,SUNGAI BULOH,VOLVO B7R MRT
VX2897,M002,KAJANG,SCANIA K250 MRT
VAG4892,M001,SUNGAI BULOH,VOLVO B7R MRT
VAJ6284,M001,SUNGAI BULOH,VOLVO B7R MRT
VG8673,M001,SUNGAI BULOH,VOLVO B7R MRT
VK2684,M002,KAJANG,SCANIA K250 MRT
VAF5765,M001,SUNGAI BULOH,VOLVO B7R MRT
VH4992,M001,SUNGAI BULOH,VOLVO B7R MRT
VAF5743,M001,SUNGAI BULOH,VOLVO B7R MRT
VH3751,M002,KAJANG,SCANIA K250 MRT
VH2044,M002,KAJANG,SCANIA K250 MRT
VAF5464,M002,KAJANG,SCANIA K250 MRT
VG8765,M001,SUNGAI BULOH,VOLVO B7R MRT
VAJ2870,M001,SUNGAI BULOH,VOLVO B7R MRT
VAE7164,M002,KAJANG,SCANIA K250 MRT
VAF5339,M002,KAJANG,SCANIA K250 MRT
VH4671,M001,SUNGAI BULOH,VOLVO B7R MRT
VG8794,M001,SUNGAI BULOH,VOLVO B7R MRT
VK6749,M002,KAJANG,SCANIA K250 MRT
VAF5750,M001,SUNGAI BULOH,VOLVO B7R MRT
VG6519,M001,SUNGAI BULOH,VOLVO B7R MRT
VAF5761,M001,SUNGAI BULOH,VOLVO B7R MRT
VG8671,M001,SUNGAI BULOH,VOLVO B7R MRT
VX3035,M002,KAJANG,SCANIA K250 MRT
VAG4715,M002,KAJANG,SCANIA K250 MRT
VAE7147,M002,KAJANG,SCANIA K250 MRT
VAJ3412,M002,KAJANG,SCANIA K250 MRT
VAF5430,M002,KAJANG,SCANIA K250 MRT
VAF7157,M002,KAJANG,SCANIA K250 MRT
VAE7463,M001,SUNGAI BULOH,VOLVO B7R MRT
VAJ9068,M001,SUNGAI BULOH,VOLVO B7R MRT
VH4059,M002,KAJANG,SCANIA K250 MRT
VH4318,M001,SUNGAI BULOH,VOLVO B7R MRT
VH4113,M002,KAJANG,SCANIA K250 MRT
VH4919,M001,SUNGAI BULOH,VOLVO B7R MRT
VH1570,M001,SUNGAI BULOH,VOLVO B7R MRT
VAF5756,M001,SUNGAI BULOH,VOLVO B7R MRT
VG8690,M001,SUNGAI BULOH,VOLVO B7R MRT
VG8654,M001,SUNGAI BULOH,VOLVO B7R MRT
VAC5764,M001,SUNGAI BULOH,VOLVO B7R MRT
VAC9627,M001,SUNGAI BULOH,VOLVO B7R MRT
VH4073,M002,KAJANG,SCANIA K250 MRT
VK2607,M002,KAJANG,SCANIA K250 MRT
VH4921,M001,SUNGAI BULOH,VOLVO B7R MRT
VH4069,M002,KAJANG,SCANIA K250 MRT
VK2934,M002,KAJANG,SCANIA K250 MRT
VAG6349,M002,KAJANG,SCANIA K250 MRT
VH4268,M001,SUNGAI BULOH,VOLVO B7R MRT
VAJ1514,M002,KAJANG,SCANIA K250 MRT
VAF5762,M001,SUNGAI BULOH,VOLVO B7R MRT
VH1568,M001,SUNGAI BULOH,VOLVO B7R MRT
VAG4890,M001,SUNGAI BULOH,VOLVO B7R MRT
VG8934,M001,SUNGAI BULOH,VOLVO B7R MRT
VAJ3415,M002,KAJANG,SCANIA K250 MRT
VAE7537,M002,KAJANG,SCANIA K250 MRT
VAE7593,M002,KAJANG,SCANIA K250 MRT
VG6514,M001,SUNGAI BULOH,VOLVO B7R MRT
VH2494,M002,KAJANG,SCANIA K250 MRT
VAF6417,M002,KAJANG,SCANIA K250 MRT
VK6274,M002,KAJANG,SCANIA K250 MRT
VG6473,M001,SUNGAI BULOH,VOLVO B7R MRT
VAH9062,M001,SUNGAI BULOH,VOLVO B7R MRT
VAF5441,M002,KAJANG,SCANIA K250 MRT
VH2057,M002,KAJANG,SCANIA K250 MRT
VAF694,M001,SUNGAI BULOH,VOLVO B7R MRT
VAH9043,M001,SUNGAI BULOH,VOLVO B7R MRT
VAF7159,M002,KAJANG,SCANIA K250 MRT
VAG8058,M002,KAJANG,SCANIA K250 MRT
VAG8051,M002,KAJANG,SCANIA K250 MRT
VAH9067,M001,SUNGAI BULOH,VOLVO B7R MRT
VH4096,M002,KAJANG,SCANIA K250 MRT
VH4206,M001,SUNGAI BULOH,VOLVO B7R MRT
VH2491,M002,KAJANG,SCANIA K250 MRT
VK2745,M002,KAJANG,SCANIA K250 MRT
VH2547,M002,KAJANG,SCANIA K250 MRT
VM2846,M002,KAJANG,SCANIA K250 MRT
VAF691,M001,SUNGAI BULOH,VOLVO B7R MRT
VX3097,M002,KAJANG,SCANIA K250 MRT
VG8761,M001,SUNGAI BULOH,VOLVO B7R MRT
VM1879,M002,KAJANG,SCANIA K250 MRT
VAJ8974,M001,SUNGAI BULOH,VOLVO B7R MRT
VM1897,M002,KAJANG,SCANIA K250 MRT
VAH9045,M001,SUNGAI BULOH,VOLVO B7R MRT
VH2687,M002,KAJANG,SCANIA K250 MRT
VAF5752,M001,SUNGAI BULOH,VOLVO B7R MRT
VH4925,M001,SUNGAI BULOH,VOLVO B7R MRT
VG8748,M001,SUNGAI BULOH,VOLVO B7R MRT
VH2540,M002,KAJANG,SCANIA K250 MRT
VAG4750,M002,KAJANG,SCANIA K250 MRT
VG8849,M001,SUNGAI BULOH,VOLVO B7R MRT
VAJ6442,M001,SUNGAI BULOH,VOLVO B7R MRT
VH3697,M002,KAJANG,SCANIA K250 MRT
VH3745,M002,KAJANG,SCANIA K250 MRT
VAJ2875,M001,SUNGAI BULOH,VOLVO B7R MRT
VAG4730,M002,KAJANG,SCANIA K250 MRT
VAK1014,M001,SUNGAI BULOH,VOLVO B7R MRT
VG8630,M001,SUNGAI BULOH,VOLVO B7R MRT
VG6524,M001,SUNGAI BULOH,VOLVO B7R MRT
VAK1045,M001,SUNGAI BULOH,VOLVO B7R MRT
VAC5778,M001,SUNGAI BULOH,VOLVO B7R MRT
VAF5738,M001,SUNGAI BULOH,VOLVO B7R MRT
VAE7340,M002,KAJANG,SCANIA K250 MRT
VH1552,M001,SUNGAI BULOH,VOLVO B7R MRT
VH2476,M002,KAJANG,SCANIA K250 MRT
VAJ1480,M002,KAJANG,SCANIA K250 MRT
VH2534,M002,KAJANG,SCANIA K250 MRT
VK6295,M002,KAJANG,SCANIA K250 MRT
VH3743,M002,KAJANG,SCANIA K250 MRT
VAF5489,M002,KAJANG,SCANIA K250 MRT
VAK1034,M001,SUNGAI BULOH,VOLVO B7R MRT
VH4604,M001,SUNGAI BULOH,VOLVO B7R MRT
VH4215,M001,SUNGAI BULOH,VOLVO B7R MRT
VAJ8965,M001,SUNGAI BULOH,VOLVO B7R MRT
VG8593,M001,SUNGAI BULOH,VOLVO B7R MRT
VAH9154,M001,SUNGAI BULOH,VOLVO B7R MRT
VK2853,M002,KAJANG,SCANIA K250 MRT
VH4920,M001,SUNGAI BULOH,
VAC5751,M001,SUNGAI BULOH,VOLVO B7R MRT
VH4221,M001,SUNGAI BULOH,VOLVO B7R MRT
VH3738,M002,KAJANG,SCANIA K250 MRT
